method,mode,trial,target_m,actual_m,odom_m,odom_forward_m,odom_lateral_m,odom_dyaw_deg,start_x,start_y,start_yaw_deg,end_x,end_y,end_yaw_deg,time
my_action,line,1,1.0,1.021,0.98581,0.98576,-0.00957,-0.014,-0.04359,-0.05424,168.51,-1.00769,0.1515,168.496,2026-10-08T15:54:59
my_action,line,2,1.0,1.016,0.99122,0.99115,-0.01206,-0.355,-1.8448,0.24374,167.793,-2.81098,0.46511,167.437,2026-10-08T16:05:56
my_action,line,3,1.0,1.019,0.98924,0.98906,-0.0193,-1.738,-2.78672,0.45892,169.37,-3.75524,0.66034,167.632,2026-10-08T16:07:52
my_action,line,4,1.0,1.017,0.99193,0.99189,-0.00962,-0.245,-3.75649,0.63399,166.302,-4.71788,0.87822,166.056,2026-10-08T16:09:08
my_action,line,5,1.0,1.02,0.99305,0.99301,-0.00854,-0.175,-4.70409,0.86896,167.069,-5.67,1.09949,166.894,2026-10-08T16:11:00
my_action,line,6,1.0,1.02,0.99136,0.99133,-0.0074,0.106,-5.67423,1.06222,168.027,-6.64246,1.27512,168.133,2026-10-08T16:12:07
my_action,line,7,1.0,1.011,0.98803,0.988,-0.00776,-0.025,-6.62745,1.26709,166.313,-7.58556,1.5084,166.289,2026-10-08T16:13:43
my_action,line,8,1.0,1.015,0.98749,0.9874,-0.01317,-0.127,-8.43521,1.76597,166.617,-9.39275,2.00733,166.491,2026-10-08T16:17:37
my_action,line,9,1.0,1.013,0.9858,0.9858,-0.00102,0.369,-9.35489,2.02564,169.422,-10.32375,2.20761,169.791,2026-10-08T16:19:01
my_action,line,10,1.0,1.016,0.9915,0.99149,-0.00477,0.034,-10.29021,2.21057,167.248,-11.25619,2.43408,167.283,2026-10-08T16:20:45
my_action,circle,1,0.0,0.051,0.04262,-0.04259,-0.00169,-3.632,-11.01951,2.69095,-105.099,-11.01005,2.73251,-108.732,2026-10-08T16:24:39
drive_distance,line,1,1.0,1.03,1.00487,1.00486,-0.00574,0.273,-10.97814,2.77668,168.646,-11.9622,2.98013,168.919,2026-10-08T16:28:08
drive_distance,line,2,1.0,1.026,1.00304,1.00303,-0.00525,0.105,-11.94624,2.98434,166.657,-12.92098,3.22093,166.762,2026-10-08T16:29:34
drive_distance,line,3,1.0,1.024,1.00311,1.00303,-0.01207,-0.15,-12.88357,3.27321,167.822,-13.86149,3.4966,167.672,2026-10-08T16:30:53
drive_distance,line,4,1.0,1.027,1.00314,1.00312,-0.00609,0.122,-13.83378,3.51472,168.045,-14.81388,3.72848,168.167,2026-10-08T16:31:52
drive_distance,line,5,1.0,1.027,1.00406,1.00397,-0.01382,-0.27,-14.80894,3.72568,167.796,-15.7873,3.95142,167.526,2026-10-08T16:33:04
drive_distance,line,6,1.0,1.03,1.00355,1.00344,-0.01465,-0.485,-15.72502,3.92886,168.663,-16.706,4.14047,168.178,2026-10-08T16:33:56
drive_distance,line,7,1.0,1.03,1.00478,1.00474,-0.00865,0.152,-16.69647,4.1396,168.476,-17.67923,4.34879,168.628,2026-10-08T16:34:34
drive_distance,line,8,1.0,1.024,1.00316,1.00304,-0.01551,-0.574,-17.66509,4.34596,167.429,-18.64071,4.5794,166.855,2026-10-08T16:35:40
drive_distance,line,9,1.0,1.028,1.00462,1.0046,-0.00655,0.159,-18.53965,4.57372,167.54,-19.51917,4.79688,167.698,2026-10-08T16:36:13
drive_distance,line,10,1.0,1.03,1.00417,1.00401,-0.01774,-0.573,-19.49046,4.78158,168.718,-20.4716,4.99539,168.145,2026-10-08T16:36:53
